Date,Open,High,Low,Close,Volume,Dividends,Stock Splits,Daily_Return,Moving_Avg_20,Volatility
2025-01-16 00:00:00-05:00,236.28136958651152,236.9383864807084,227.0033243432251,227.23228454589844,71759100,0.0,0.0,,,
2025-01-17 00:00:00-05:00,231.0748831620974,231.2441159203825,227.45127273918456,228.94451904296875,68488300,0.0,0.0,0.7535172655998457,,
2025-01-21 00:00:00-05:00,222.9914505136237,223.40955766052627,218.39225670760806,221.6375732421875,98070400,0.0,0.0,-3.1915792661583064,,
2025-01-22 00:00:00-05:00,218.80041619812283,223.1109227348787,218.80041619812283,222.82223510742188,64126500,0.0,0.0,0.5345040770410758,,
2025-01-23 00:00:00-05:00,223.72813912330528,226.00782197454978,221.29912251598503,222.6529998779297,60234800,0.0,0.0,-0.07595078175686165,,
2025-01-24 00:00:00-05:00,223.76794215782238,224.614121166801,220.4131202139208,221.77694702148438,54697900,0.0,0.0,-0.39346106134909853,,
2025-01-27 00:00:00-05:00,223.01138591977585,231.10477141655377,222.9715575076631,228.82508850097656,94863400,0.0,0.0,3.1780316097549166,,
2025-01-28 00:00:00-05:00,229.81063008981926,239.1085741517517,229.77080167884077,237.187255859375,75707600,0.0,0.0,3.6543927124331743,,
2025-01-29 00:00:00-05:00,233.06590496072297,238.78006694024197,232.95639961161774,238.28231811523438,45486100,0.0,0.0,0.4616868018021192,,
2025-01-30 00:00:00-05:00,237.59541819689565,239.7058683175974,236.14200015946125,236.52027893066406,55658300,0.0,0.0,-0.7394754249948954,,
2025-01-31 00:00:00-05:00,246.07705979363328,246.07705979363328,232.38896748106293,234.93743896484375,100959800,0.0,0.0,-0.6692195582452931,,
2025-02-03 00:00:00-05:00,228.9545099800506,230.78622201033428,224.68381655532258,226.98341369628906,73063300,0.0,0.0,-3.385592906605628,,
2025-02-04 00:00:00-05:00,226.2268315478868,232.08036234711574,225.62952690670866,231.75184631347656,45067300,0.0,0.0,2.1007846077986114,,
2025-02-05 00:00:00-05:00,227.50107667347064,231.62243633567465,227.24225275297744,231.42333984375,39620300,0.0,0.0,-0.14174923520661187,,
2025-02-06 00:00:00-05:00,230.24863411824003,232.74734282564026,229.39250557129796,232.16995239257812,29925300,0.0,0.0,0.3226176535747083,,
2025-02-07 00:00:00-05:00,231.55275755143822,232.946448173879,226.236788599926,226.60513305664062,39707200,0.0,0.0,-2.396873186469839,,
2025-02-10 00:00:00-05:00,228.7876615470872,229.80417456619486,226.42572786906877,226.8741912841797,33115600,0.25,0.0,0.1187343922486539,,
2025-02-11 00:00:00-05:00,227.42233485023965,234.42837673351212,227.3525813044295,231.8272705078125,53718400,0.0,0.0,2.1831831975231752,,
2025-02-12 00:00:00-05:00,230.41209906543347,236.15247950770552,229.89386689621963,236.06277465820312,45243300,0.0,0.0,1.8270085918334233,,
2025-02-13 00:00:00-05:00,236.10265815205582,241.5141464162941,234.76722827404518,240.7069091796875,53614100,0.0,0.0,1.967330312120863,230.26118850708008,
2025-02-14 00:00:00-05:00,240.4278440984732,244.71319316935814,240.1687356269457,243.7664337158203,40896200,0.0,0.0,1.271058045886364,231.08789596557617,1.8986025011293288
2025-02-18 00:00:00-05:00,243.31796980618805,244.34445851454996,241.01584434943877,243.6368865966797,48822500,0.0,0.0,-0.053143953072576355,231.82251434326173,1.898571065009937
2025-02-19 00:00:00-05:00,243.8262313730556,245.17162160901916,242.33134319523683,244.03550720214844,32204200,0.0,0.0,0.16361258388950528,232.94241104125976,1.7100241100758449
2025-02-20 00:00:00-05:00,244.10528213544586,245.93900803040836,243.45748811790233,244.99224853515625,32316900,0.0,0.0,0.392050052050541,234.0509117126465,1.710153603257741
2025-02-21 00:00:00-05:00,245.11182656230832,247.84249441981407,244.38431857946645,244.71319580078125,53197400,0.0,0.0,-0.11390267898004902,235.15392150878907,1.7108346823132998
2025-02-24 00:00:00-05:00,244.0953010258401,248.01191597096326,243.58704451830639,246.25791931152344,51326400,0.0,0.0,0.6312383382871323,236.37797012329102,1.6983663783057152
2025-02-25 00:00:00-05:00,247.15485528022737,249.14803959700342,244.0753891604379,246.1981201171875,48013300,0.0,0.0,-0.02428315584860341,237.24662170410156,1.5834995047429938
2025-02-26 00:00:00-05:00,243.49735015822236,244.14512894194456,238.31507426807877,239.54087829589844,44433600,0.0,0.0,-2.704018137149178,237.36430282592772,1.5285110295884579
2025-02-27 00:00:00-05:00,238.5941277716784,241.6337368385667,236.25213016109495,236.49131774902344,41153600,0.0,0.0,-1.2730856497520038,237.27475280761718,1.5535660669383897
2025-02-28 00:00:00-05:00,236.14250368420718,241.26498665715278,229.41550676334808,241.01583862304688,56833400,0.0,0.0,1.9131868844441513,237.49953079223633,1.6019451843287809
2025-03-03 00:00:00-05:00,240.96599177281342,243.1983635012748,235.3053560708129,237.21881103515625,47184000,0.0,0.0,-1.5754265817481183,237.61359939575195,1.6374614231005784
2025-03-04 00:00:00-05:00,236.89992456399492,239.25188262538288,233.88023638606123,235.1259765625,53798100,0.0,0.0,-0.8822379909602107,238.0207275390625,1.4444265129223928
2025-03-05 00:00:00-05:00,234.61771347352882,235.7438674276595,228.44880585950324,234.93663024902344,47227600,0.0,0.0,-0.0805297297409524,238.17996673583986,1.372838963903528
2025-03-06 00:00:00-05:00,233.64106399817908,237.04940729600818,232.3654272740836,234.5280303955078,45170400,0.0,0.0,-0.17391917687868963,238.33520126342773,1.373127862330429
2025-03-07 00:00:00-05:00,234.30878315837532,240.54744460053885,233.95996981993864,238.2552947998047,46273600,0.0,0.0,1.5892618029543115,238.63946838378905,1.4137293232254056
2025-03-10 00:00:00-04:00,234.73730306532093,235.35520052510583,223.45588808739058,226.70477294921875,72071200,0.0,0.0,-4.847960193409895,238.64445037841796,1.7185141050030281
2025-03-11 00:00:00-04:00,223.0472976504486,225.07037859810526,216.70897065581676,220.08741760253906,76137400,0.0,0.0,-2.9189307576519163,238.30511169433595,1.8390056721372283
2025-03-12 00:00:00-04:00,219.3897895710681,220.99430349899413,214.17761702040198,216.2405548095703,62547500,0.0,0.0,-1.7478794721086155,237.52577590942383,1.787499014619268
2025-03-13 00:00:00-04:00,215.2140760046737,216.1010424274323,207.7097381833997,208.96543884277344,61368300,0.0,0.0,-3.3643624218424817,236.17090911865233,1.8338052552304827
2025-03-14 00:00:00-04:00,210.53009451028822,213.22089031000854,208.86578742228792,212.76246643066406,60107600,0.0,0.0,1.8170600884615862,234.77368698120117,1.8230452179040912
2025-03-17 00:00:00-04:00,212.58307041465437,214.48656508270392,209.25445626243933,213.27072143554688,48073400,0.0,0.0,0.23888377184630993,233.2489013671875,1.7814514790189573
2025-03-18 00:00:00-04:00,213.43017106944268,214.41678753127792,210.76927194631702,211.96517944335938,42432400,0.0,0.0,-0.6121524714690185,231.6653160095215,1.7759591126697079
2025-03-19 00:00:00-04:00,213.48995680484757,218.0144781615262,213.0215573102422,214.50648498535156,54385400,0.0,0.0,1.1989259503216054,230.18886489868163,1.8164296531550292
2025-03-20 00:00:00-04:00,213.2607660976187,216.74883872802718,211.49679368091097,213.37039184570312,48862900,0.0,0.0,-0.5296311389961117,228.60777206420897,1.8008424448138185
2025-03-21 00:00:00-04:00,210.83902892918795,218.09421843072647,210.55998434888178,217.5261688232422,94127800,0.0,0.0,1.9476821228993524,227.24842071533203,1.8912605956529864
2025-03-24 00:00:00-04:00,220.24686734420678,220.7252273230714,217.83511614199446,219.977783203125,44299500,0.0,0.0,1.127043423393781,225.9344139099121,1.9109802876283886
2025-03-25 00:00:00-04:00,220.01766257627696,223.33631640181736,219.33001153042758,222.9875030517578,34493600,0.0,0.0,1.3681926441879266,224.7738830566406,1.9557958208599868
2025-03-26 00:00:00-04:00,222.74828771017502,224.25315146564492,219.71865451354498,220.77503967285156,34466100,0.0,0.0,-0.9921916468981329,223.8355911254883,1.8894687447809755
2025-03-27 00:00:00-04:00,220.63551973925667,224.22325730600966,219.8083464889556,223.08714294433594,37094800,0.0,0.0,1.0472666089927918,223.1653823852539,1.9035700009368997
2025-03-28 00:00:00-04:00,220.91458161653458,223.04728822423488,216.93817343567548,217.1574249267578,39818600,0.0,0.0,-2.658027683405173,221.97246170043945,1.90157885423517
2025-03-31 00:00:00-04:00,216.27045427307317,224.8511131847691,215.49311362240712,221.37301635742188,65299300,0.0,0.0,1.9412605542204586,221.18017196655273,1.958867894473665
2025-04-01 00:00:00-04:00,219.06091135294477,222.91771798921508,218.15400887457568,222.4293975830078,36412700,0.0,0.0,0.4771951175297495,220.54534301757812,1.9621562874417333
2025-04-02 00:00:00-04:00,220.56578026164416,224.4225869866718,220.2667995775576,223.12701416015625,35905900,0.0,0.0,0.313635061160511,219.95486221313476,1.9660151564265258
2025-04-03 00:00:00-04:00,204.83954098981803,206.78290782089874,200.56416741637668,202.49755859375,103419000,0.0,0.0,-9.245610910922164,218.35333862304688,2.8138786493400136
2025-04-04 00:00:00-04:00,193.2292544699453,199.19884701911502,186.70157274086588,187.738037109375,125910900,0.0,0.0,-7.288740460316124,215.82747573852538,3.118729934084664
2025-04-07 00:00:00-04:00,176.59612158290105,193.48835506739644,174.02491207450518,180.84161376953125,160466300,0.0,0.0,-3.673428915114274,213.53431777954103,3.0555811941009066
2025-04-08 00:00:00-04:00,186.06374707733985,189.6913418115003,168.63336050772435,171.83241271972656,120859500,0.0,0.0,-4.981818543870231,211.1215675354004,3.1542304668844334
2025-04-09 00:00:00-04:00,171.3640110222038,199.926344669284,171.30421792842867,198.17234802246094,184395900,0.0,0.0,15.328851458133851,210.21815719604493,4.848774639616445
2025-04-10 00:00:00-04:00,188.42569728108137,194.11623030966024,182.3763752402466,189.77108764648438,121880000,0.0,0.0,-4.239370658828934,209.25843963623046,4.881460572965537
2025-04-11 00:00:00-04:00,185.46579368960585,198.85997858079665,185.42592149027786,197.47471618652344,87435900,0.0,0.0,4.059432148267916,208.49405212402343,4.959483594609914
2025-04-14 00:00:00-04:00,210.7194495182335,212.2143377637297,200.47448329230923,201.82984924316406,101352900,0.0,0.0,2.205412997037559,207.9220085144043,4.989271119423299
2025-04-15 00:00:00-04:00,201.1720967653651,202.81646776904176,199.11911932089467,201.45114135742188,51343900,0.0,0.0,-0.18763720389342042,207.39630661010742,4.98815053228118
2025-04-16 00:00:00-04:00,197.68401406478426,200.01603598224625,191.71442177543545,193.6079559326172,59732400,0.0,0.0,-3.8933437517184477,206.35138015747071,5.045889236842896
2025-04-17 00:00:00-04:00,196.5279673080365,198.15241736523095,193.75744237056688,196.3087158203125,52164700,0.0,0.0,1.3949632775603904,205.49829635620117,5.061488071852104
2025-04-21 00:00:00-04:00,192.61134997705832,193.13954254760668,189.16313478921086,192.50172424316406,46742500,0.0,0.0,-1.9392881061038092,204.24707412719727,5.045342118034238
2025-04-22 00:00:00-04:00,195.45165216386687,200.9030125684292,195.3021694205859,199.059326171875,52976400,0.0,0.0,3.4065159439442327,203.20115127563477,5.1091791735886245
2025-04-23 00:00:00-04:00,205.29799399880645,207.29117840656184,202.10890198775584,203.90277099609375,52929200,0.0,0.0,2.4331664923032736,202.24691467285157,5.133824554312528
2025-04-24 00:00:00-04:00,204.1917605029567,208.11833592046503,202.248408894664,207.65989685058594,47311000,0.0,0.0,1.8426065698558647,201.59115753173828,5.153517805489802
2025-04-25 00:00:00-04:00,205.66671618569228,209.0352025034097,205.49729734578435,208.56680297851562,38222300,0.0,0.0,0.4367266581964069,200.86514053344726,5.147652620433381
2025-04-28 00:00:00-04:00,209.2843516085664,210.77923983434187,206.7530142372406,209.4238739013672,38743100,0.0,0.0,0.4109335285442661,200.47846298217775,5.1165918485547115
2025-04-29 00:00:00-04:00,207.97880282615472,211.51670773820763,207.65988606249564,210.49021911621094,36827600,0.0,0.0,0.5091803503481929,199.9343231201172,5.097095766438388
2025-04-30 00:00:00-04:00,208.58674127234366,212.8521544830753,205.96569903614,211.7758331298828,52286500,0.0,0.0,0.6107713788649161,199.40164489746093,5.098022800341381
2025-05-01 00:00:00-04:00,208.3674918385056,213.82881264887993,208.18809734114114,212.59304809570312,57365700,0.0,0.0,0.38588679064202047,198.87494659423828,5.09837546467119
2025-05-02 00:00:00-04:00,205.38767599056177,206.28461806468735,201.4710760745947,204.65020751953125,101010600,0.0,0.0,-3.736171359938467,198.98257904052736,4.713759803534869
2025-05-05 00:00:00-04:00,202.40787903175757,203.4044712176219,197.5345438511527,198.21221923828125,69018500,0.0,0.0,-3.1458498670887347,199.50628814697265,4.4532993021952825
2025-05-06 00:00:00-04:00,197.5345306234426,199.96620262041338,196.34858356859348,197.83349609375,51216500,0.0,0.0,-0.19106952436467317,200.3558822631836,4.354216445011223
2025-05-07 00:00:00-04:00,198.49125449640593,198.7603386318323,192.59143085844198,195.58120727539062,68536700,0.0,0.0,-1.1384769833375663,201.5433219909668,4.179194624243195
2025-05-08 00:00:00-04:00,197.04619801698016,199.3682595147921,194.0165494128041,196.81698608398438,50478900,0.0,0.0,0.6318494633554828,201.47555389404297,2.382634982207474
2025-05-09 00:00:00-04:00,198.32183886048443,199.85658408831688,196.86680762308345,197.8534393310547,36453900,0.0,0.0,0.5266076204561099,201.8796714782715,2.165517816449772
2025-05-12 00:00:00-04:00,210.52676720097676,210.82613996616402,206.31563192374182,210.34713745117188,63775800,0.26,0.0,6.31462266329994,202.5232925415039,2.419206685876917
2025-05-13 00:00:00-04:00,209.98788789546765,212.95164926547025,208.56089957562318,212.48263549804688,51909300,0.0,0.0,1.0152256278603833,203.05593185424806,2.385407483309391
2025-05-14 00:00:00-04:00,211.98367663769176,213.49051386836734,210.13757262915965,211.88389587402344,49325800,0.0,0.0,-0.2817828490408347,203.57756958007812,2.3864805814407726
2025-05-15 00:00:00-04:00,210.506803034962,212.51258988469863,209.0997617101353,211.00575256347656,45029500,0.0,0.0,-0.4144455183460405,204.44745941162108,2.1845538038910344
2025-05-16 00:00:00-04:00,211.9138418912236,212.12340739052024,209.3292870180407,210.81614685058594,54737900,0.0,0.0,-0.08985807760553133,205.17283096313477,2.1760922741241338
2025-05-19 00:00:00-04:00,207.47318710280226,209.0398806327114,203.83084657536088,208.3413543701172,46140500,0.0,0.0,-1.1739103087880398,205.9648124694824,2.139594247609409
2025-05-20 00:00:00-04:00,207.23369558110693,208.03201787298204,204.5992426766309,206.42539978027344,42496600,0.0,0.0,-0.9196227967492532,206.33311614990234,2.0377801194719676
2025-05-21 00:00:00-04:00,204.73893602091724,206.60500227852873,200.28831500749223,201.6654052734375,59211800,0.0,0.0,-2.3059151208633444,206.22124786376952,2.0401309058115946
2025-05-22 00:00:00-04:00,200.2883071907537,202.32401437172413,199.28041949489233,200.9369354248047,46742400,0.0,0.0,-0.3612269777481525,205.88509979248047,1.9922999746021435
2025-05-23 00:00:00-04:00,193.26311186041877,197.28464391104225,193.05356158182016,194.85975646972656,78432900,0.0,0.0,-3.024421041472658,205.19974746704102,2.0871018359042384
2025-05-27 00:00:00-04:00,197.88337691051132,200.31825293342968,197.01519441683536,199.78936767578125,56288500,0.0,0.0,2.52982519087801,204.71802215576173,2.1779023134035564
2025-05-28 00:00:00-04:00,200.16855762950956,202.30406088976383,199.48000488022652,199.99891662597656,45339700,0.0,0.0,0.10488493588676207,204.19345703125,2.172717122002931
2025-05-29 00:00:00-04:00,203.15228556391767,203.38179807643976,198.09293019267844,199.5299072265625,51396800,0.0,0.0,-0.2345059699954133,203.58116073608397,2.163639252934298
2025-05-30 00:00:00-04:00,198.95112277889336,201.53569281345096,196.36656797106642,200.4280242919922,70819900,0.0,0.0,0.4501165153201203,202.97290954589843,2.1647198860478003
2025-06-02 00:00:00-04:00,199.85921507319503,201.70533435611304,199.69954757512772,201.27622985839844,35423300,0.0,0.0,0.42319709002895944,202.8042106628418,2.0085834951749213
2025-06-03 00:00:00-04:00,200.92696184786135,203.34187550579085,200.53778186221837,202.84292602539062,46381600,0.0,0.0,0.7783811173800226,203.03574600219727,1.8792137174821486
2025-06-04 00:00:00-04:00,202.48369763994597,205.80670326672896,201.67540185470463,202.39389038085938,43604000,0.0,0.0,-0.2213711137626917,203.26376571655274,1.879500065806664
2025-06-05 00:00:00-04:00,203.07246156364138,204.3198354061699,199.7294935749724,200.20849609375,55126100,0.0,0.0,-1.0797728543074925,203.4951301574707,1.8774588059250403
2025-06-06 00:00:00-04:00,202.57349663849442,205.26782088834017,201.62549563553227,203.49156188964844,46607700,0.0,0.0,1.6398234140678536,203.8288589477539,1.9048725774438884
2025-06-09 00:00:00-04:00,203.96058960802065,205.56720771427428,199.59977555964565,201.02676391601562,72862600,0.0,0.0,-1.2112531599563048,203.98752517700194,1.927909607516874
2025-06-10 00:00:00-04:00,200.1785434107301,203.92066462184746,200.14860765917956,202.2441864013672,54672600,0.0,0.0,0.6056021902935083,203.5823776245117,1.2688354675664448
2025-06-11 00:00:00-04:00,203.0724503091444,204.07034932786254,197.99314795828434,198.36236572265625,60989900,0.0,0.0,-1.919373183369144,202.8763641357422,1.2917755291043025
2025-06-12 00:00:00-04:00,198.66173587371065,199.26046614106752,196.94534836583952,198.78147888183594,43904600,0.0,0.0,0.21128663073402,202.22124328613282,1.2975425153055
2025-06-13 00:00:00-04:00,199.3103695725812,199.9490243445518,195.2888376882346,196.03726196289062,51447300,0.0,0.0,-1.3805194198080128,201.47281875610352,1.3194085542650944
2025-06-16 00:00:00-04:00,196.8854859861783,198.27256505925683,196.1470352061455,198.0031280517578,43020700,0.0,0.0,1.0028022576847206,200.8321678161621,1.353322675944339
2025-06-17 00:00:00-04:00,196.78567812068002,197.97318035709665,194.79986887227625,195.2289581298828,38856200,0.0,0.0,-1.4010737856372857,200.1765480041504,1.361931178164077
2025-06-18 00:00:00-04:00,195.52832221137376,197.15490236836843,194.66015499959357,196.16697692871094,45394700,0.0,0.0,0.4804711390223648,199.66362686157225,1.3652319212473534
2025-06-20 00:00:00-04:00,197.8235020126397,201.27622400422058,196.44639652864126,200.57769775390625,96813500,0.0,0.0,2.2484522595249024,199.6092414855957,1.3832088089250947
2025-06-23 00:00:00-04:00,201.20639190632414,201.87498244787415,198.54200324907936,201.07666015625,55814300,0.0,0.0,0.24876265304227818,199.61622772216796,1.3819653800608067
2025-06-24 00:00:00-04:00,202.16436301176623,203.0125832870988,199.77938491343542,199.87918090820312,54064000,0.0,0.0,-0.5955336870606232,199.8671989440918,1.1951273752739278
2025-06-25 00:00:00-04:00,201.0267661369261,203.2421033073339,200.19850807531137,201.13653564453125,39525700,0.0,0.0,0.6290573788700682,199.9345573425293,1.0628352203359286
2025-06-26 00:00:00-04:00,201.00678701240994,202.2142514946699,199.04094000321476,200.57769775390625,50799100,0.0,0.0,-0.2778400695995997,199.96349639892577,1.0650291975972463
2025-06-27 00:00:00-04:00,201.4658274879402,202.7930349784745,199.57979899649257,200.65753173828125,73188600,0.0,0.0,0.03980202448676806,200.0198776245117,1.0633463438919095
2025-06-30 00:00:00-04:00,201.58557286233471,206.95427439094752,198.84135059390303,204.7389373779297,91912800,0.0,0.0,2.0340156705265455,200.23542327880858,1.1513447320729717
2025-07-01 00:00:00-04:00,206.23578409144605,209.74839282792448,205.70689884063935,207.3833770751953,78788900,0.0,0.0,1.291615425542747,200.54078063964843,1.179695437316782
2025-07-02 00:00:00-04:00,208.47108532398713,212.8917706186518,207.7026988246806,211.99366760253906,67941800,0.0,0.0,2.2230762139012317,200.99831771850586,1.26121395164836
2025-07-03 00:00:00-04:00,211.70428104663077,214.19902871499423,211.36499901814886,213.10134887695312,34955800,0.0,0.0,0.522506774348952,201.53369064331054,1.2582169254582052
2025-07-07 00:00:00-04:00,212.23315593085263,215.77570049162512,208.36131809352125,209.50889587402344,50229000,0.0,0.0,-1.6857955249283796,201.99871063232422,1.2989597947522056
2025-07-08 00:00:00-04:00,209.658593847986,210.98578616820197,208.01205130024096,209.5687713623047,42848900,0.0,0.0,0.028578971805215403,202.30257110595704,1.2565378091920436
2025-07-09 00:00:00-04:00,209.0897778625777,210.8859991217609,206.78463359109693,210.69639587402344,48749400,0.0,0.0,0.538068961510163,202.78605270385742,1.21670139255829
2025-07-10 00:00:00-04:00,210.06771262581316,213.03147386855414,209.58872537016995,211.96372985839844,44443600,0.0,0.0,0.6014977043711456,203.27202987670898,1.2166372145621391
2025-07-11 00:00:00-04:00,210.12759762046792,211.68431760849728,209.41908263784933,210.7163543701172,39765800,0.0,0.0,-0.5884853456365136,203.88972930908204,1.1251559826608573
2025-07-14 00:00:00-04:00,209.48893166698292,210.46688365912564,207.10395364435493,208.1816864013672,38840100,0.0,0.0,-1.202881464197092,204.3597396850586,1.1749239431599277
2025-07-15 00:00:00-04:00,208.7804390594974,211.44482767792792,208.48106630115817,208.67066955566406,42296300,0.0,0.0,0.23488288655426626,204.99141006469728,1.1116360705579158
2025-07-16 00:00:00-04:00,209.8581806046168,211.95375954691573,208.2016644692293,209.71847534179688,47490500,0.0,0.0,0.502133715468478,205.57717742919922,1.101003795124134
2025-07-17 00:00:00-04:00,210.12759810142074,211.3550095983717,209.14964612579556,209.57875061035156,48068100,0.0,0.0,-0.06662490332222104,206.29466705322267,1.0311178056673518
2025-07-18 00:00:00-04:00,210.42696659875526,211.34503189230253,209.25942654413325,210.73631286621094,48974600,0.0,0.0,0.5523280640275852,207.02313385009765,1.0316836489036665
2025-07-21 00:00:00-04:00,211.65437808070223,215.3266389893317,211.18536434566,212.0335693359375,51377400,0.0,0.0,0.6155827878369324,207.5959274291992,0.9347525235402127
2025-07-22 00:00:00-04:00,212.69220709721728,214.49840197701596,211.78411528941558,213.94955444335938,46404100,0.0,0.0,0.90362347501034,208.23957214355468,0.9449322245314316
2025-07-23 00:00:00-04:00,214.54829351654996,214.69797228179937,211.9637386583707,213.7000732421875,46989300,0.0,0.0,-0.1166074880693091,208.9306167602539,0.9265330086614563
2025-07-24 00:00:00-04:00,213.45058781785585,215.2368355364858,213.08137006420023,213.31088256835938,46022600,0.0,0.0,-0.18212004700020046,209.53933410644532,0.9309083981635989
2025-07-25 00:00:00-04:00,214.24891808809048,214.7877920897316,212.95164630742312,213.43064880371094,40268800,0.0,0.0,0.056146331546491623,210.18198165893554,0.9229899011090045
2025-07-28 00:00:00-04:00,213.5803337758995,214.39861831079742,212.61237047326716,213.6002960205078,37858000,0.0,0.0,0.07948587409902785,210.82911987304686,0.9224094791238803
2025-07-29 00:00:00-04:00,213.73000061776605,214.3586818606333,210.37707459375494,210.8261260986328,51411700,0.0,0.0,-1.2987668901023652,211.13347930908202,0.8965863971845487
2025-07-30 00:00:00-04:00,211.454797150492,211.94377315400357,207.28358653790625,208.6107940673828,45512500,0.0,0.0,-1.0507862911703691,211.1948501586914,0.8926503194798436
2025-07-31 00:00:00-04:00,208.0519764228089,209.39913099136336,206.72476887181696,207.1339111328125,80698400,0.0,0.0,-0.7079609380583052,210.95186233520508,0.7421313706754187
2025-08-01 00:00:00-04:00,210.4269720875647,213.1312852679161,201.07666267114303,201.95481872558594,104434500,0.0,0.0,-2.5003594915492977,210.39453582763673,0.8974109260894007
2025-08-04 00:00:00-04:00,204.0803265791815,207.44325668811337,201.25627047720934,202.9227752685547,75109300,0.0,0.0,0.4792936108565904,210.0652297973633,0.8460411941495792
2025-08-05 00:00:00-04:00,202.97265486934364,204.90858140720596,201.73526982787092,202.49366760253906,44155100,0.0,0.0,-0.21146353111312077,209.711474609375,0.8449846720504373
2025-08-06 00:00:00-04:00,205.19798558200998,214.9275012748427,205.15806109322384,212.80197143554688,108483100,0.0,0.0,5.090679602505532,209.81675338745117,1.4452502809470922
2025-08-07 00:00:00-04:00,218.42014073215765,220.38600300495352,216.12496995802366,219.56771850585938,90224800,0.0,0.0,3.1793629657992595,210.19695281982422,1.6025282127871063
2025-08-08 00:00:00-04:00,220.36604479784603,230.5146761138317,218.78936250198095,228.86814880371094,113854000,0.0,0.0,4.235791290787305,211.10454254150392,1.826821211696787
2025-08-11 00:00:00-04:00,227.6992650180531,229.33767612130436,224.54232171734583,226.95997619628906,61806100,0.26,0.0,-0.8337431911761617,212.04345703125,1.8112582977029095
2025-08-12 00:00:00-04:00,227.78917070894937,230.57647717809445,226.8500938879156,229.42758178710938,55626200,0.0,0.0,1.0872426196794072,213.08130264282227,1.8160003382658139
2025-08-13 00:00:00-04:00,230.8462285986664,234.77241529044048,230.2068337695816,233.10403442382812,69878500,0.0,0.0,1.6024457949132653,214.25058059692384,1.8329539702439286
2025-08-14 00:00:00-04:00,233.83332460758467,234.89229562265464,230.6264418350812,232.5545654296875,51916300,0.0,0.0,-0.23571835446725142,215.3993713378906,1.8363138204471035
2025-08-15 00:00:00-04:00,233.77337703316005,234.0531046408583,229.11788646444978,231.36570739746094,56038700,0.0,0.0,-0.5112168105708581,216.43084106445312,1.8511925257406752
2025-08-18 00:00:00-04:00,231.47561022214762,232.89423321308522,229.88715369469057,230.66639709472656,37476200,0.0,0.0,-0.3022532209291606,217.36248245239258,1.8591198281704036
2025-08-19 00:00:00-04:00,231.05601964615855,232.64447617946885,229.1278960385577,230.3367156982422,39402600,0.0,0.0,-0.1429256279357305,218.1818405151367,1.8600570468656188
2025-08-20 00:00:00-04:00,229.75726351111018,230.24679444121838,225.55134937034353,225.79110717773438,42263900,0.0,0.0,-1.9734624185850147,218.78639221191406,1.9314276177225298
2025-08-21 00:00:00-04:00,226.05087353353895,226.30063142153253,223.56327948127884,224.68218994140625,30621200,0.0,0.0,-0.4911252928377019,219.3549575805664,1.9366570390826205
2025-08-22 00:00:00-04:00,225.95095699429655,228.8681272027074,225.1916985271248,227.53941345214844,42477800,0.0,0.0,1.2716733406805902,220.06039581298828,1.9483811929106611
2025-08-25 00:00:00-04:00,226.26065308481304,229.07792927219558,226.01089520624416,226.94000244140625,30983100,0.0,0.0,-0.2634317288807808,220.7273811340332,1.952283676300459
2025-08-26 00:00:00-04:00,226.65028173376106,229.26775474756235,224.4724002828088,229.08792114257812,54575100,0.0,0.0,0.946469850209164,221.64047088623047,1.9184916970746468
2025-08-27 00:00:00-04:00,228.38860049855515,230.676376013076,228.03893336267103,230.26678466796875,31259500,0.0,0.0,0.5145899965004919,222.72327041625977,1.8864165414675036
2025-08-28 00:00:00-04:00,230.59647266873003,233.18396075811214,229.11789497993007,232.33477783203125,38074700,0.0,0.0,0.8980857430412437,223.9833137512207,1.8658361995142456
2025-08-29 00:00:00-04:00,232.28481317583598,233.15398096397084,231.145917853049,231.91517639160156,39418400,0.0,0.0,-0.18060207961334562,225.4813316345215,1.7306939255566227
2025-09-02 00:00:00-04:00,229.02798202980685,230.62643860177437,226.75019132336067,229.49752807617188,44075600,0.0,0.0,-1.0424709383172748,226.81006927490233,1.7741823106376768
2025-09-03 00:00:00-04:00,236.98028515930878,238.6186963224971,234.133039090421,238.2390594482422,66427800,0.0,0.0,3.8089871578786294,228.5973388671875,1.897105594203103
2025-09-04 00:00:00-04:00,238.21906152531412,239.66765417218173,236.51072617258424,239.5477752685547,47549400,0.0,0.0,0.5493288226302795,229.93462905883788,1.6108495172907626
2025-09-05 00:00:00-04:00,239.76756781945676,241.08629675958926,238.25903569310344,239.45787048339844,54870400,0.0,0.0,-0.037531045761318715,230.92913665771485,1.4969345165822823
2025-09-08 00:00:00-04:00,239.06825064349684,239.91741830634814,236.11111057683257,237.64962768554688,48999500,0.0,0.0,-0.7551402650500583,231.36821060180665,1.222600356007764
2025-09-09 00:00:00-04:00,236.77047435136637,238.5487492683241,233.13400016518182,234.123046875,66313900,0.0,0.0,-1.4839412310012845,231.7263641357422,1.2594959840724058
2025-09-10 00:00:00-04:00,231.96513778704139,232.19491077497392,225.73117543382176,226.5703582763672,83440800,0.0,0.0,-3.225948363240483,231.58350296020507,1.448055117635324
2025-09-11 00:00:00-04:00,226.66027725307507,230.22681187017153,226.43048902665416,229.80722045898438,50208600,0.0,0.0,1.4286344459361722,231.41866226196288,1.4380860677151823
2025-09-12 00:00:00-04:00,228.9980136278554,234.28288383192944,228.79821036620638,233.84332275390625,55824200,0.0,0.0,1.7562991653877313,231.48310012817382,1.4933003982312298
2025-09-15 00:00:00-04:00,236.77047667310174,237.95932665324483,234.80238330570734,236.47076416015625,42699500,0.0,0.0,1.1235905200573493,231.73835296630858,1.5063297381186755
2025-09-16 00:00:00-04:00,236.9502954777413,240.98639147239973,236.09114297984144,237.9193572998047,63421100,0.0,0.0,0.6125886829152938,232.1010009765625,1.506724622761234
2025-09-17 00:00:00-04:00,238.73857528095925,239.86748583209587,237.4997706474641,238.75856018066406,46508000,0.0,0.0,0.3527257682534257,232.5220932006836,1.5054571687444032
2025-09-18 00:00:00-04:00,239.737599946219,240.9664044724694,236.4208079152849,237.64962768554688,44249600,0.0,0.0,-0.4644576907642972,233.11501922607422,1.4270711358443557
2025-09-19 00:00:00-04:00,240.99636870073516,246.06146581163878,239.9773675285625,245.26223754882812,163741300,0.0,0.0,3.2032913063739787,234.1440216064453,1.5571014432134915
2025-09-22 00:00:00-04:00,248.05953649140056,256.3914711896616,247.8797028858207,255.8319854736328,105517400,0.0,0.0,4.3095700465100695,235.55865020751952,1.7744169614265288
2025-09-23 00:00:00-04:00,255.63220171436936,257.0907792625319,253.33442606621003,254.18359375,60275200,0.0,0.0,-0.644325892472386,236.92082977294922,1.7862053698610394
2025-09-24 00:00:00-04:00,254.9728287261993,255.4923293909784,250.79686899703333,252.06564331054688,42303700,0.0,0.0,-0.833236483994404,238.06971588134766,1.8113246781471364
2025-09-25 00:00:00-04:00,252.96477212582877,256.9209435623003,251.466224879955,256.6212158203125,55202100,0.0,0.0,1.8072960876120314,239.38743743896484,1.834989105695605
2025-09-26 00:00:00-04:00,253.8539172209246,257.3505275669758,253.5342198150173,255.2126007080078,46076300,0.0,0.0,-0.5489082840644866,240.53132858276368,1.849391143071573
2025-09-29 00:00:00-04:00,254.31347273152574,254.75304905914027,252.76497075706976,254.18359375,40127700,0.0,0.0,-0.40319598450592187,241.6447494506836,1.8542822238030245
2025-09-30 00:00:00-04:00,254.61318058017173,255.67215158054225,252.8648753735947,254.38340759277344,37704300,0.0,0.0,0.07861004710238984,242.88904342651367,1.8226495994856204
2025-10-01 00:00:00-04:00,254.7929996074261,258.53938316103813,254.6831055272507,255.20260620117188,48713900,0.0,0.0,0.3220330351537015,243.73722076416016,1.651386481755013
2025-10-02 00:00:00-04:00,256.33149581258533,257.9299523535748,253.9038565188199,256.8809814453125,42630200,0.0,0.0,0.6576638338942287,244.60388107299804,1.6522267522252396
2025-10-03 00:00:00-04:00,254.42336451804394,258.9889308017334,253.70406057825727,257.7701110839844,49155600,0.0,0.0,0.34612513299712155,245.51949310302734,1.649559426725178
2025-10-06 00:00:00-04:00,257.7401350456914,258.819106172963,254.80299514816292,256.44140625,44664100,0.0,0.0,-0.5154611713502621,246.45908203125,1.6417156208576658
2025-10-07 00:00:00-04:00,256.56129542181253,257.15072039039774,255.18262697514498,256.23162841796875,31955800,0.0,0.0,-0.08180341665524615,247.56451110839845,1.586305643961233
2025-10-08 00:00:00-04:00,256.2715719294531,258.2696351050741,255.8619653198879,257.8100891113281,36496900,0.0,0.0,0.616028826380699,249.1264976501465,1.3274407837407747
2025-10-09 00:00:00-04:00,257.5603136690899,257.75013209688524,252.8948383011137,253.79396057128906,38322000,0.0,0.0,-1.557785637436715,250.32583465576172,1.4018548895233407
2025-10-10 00:00:00-04:00,254.69310389004832,256.13171175032437,243.76369637579657,245.032470703125,61999100,0.0,0.0,-3.4522058162621327,250.88529205322266,1.623756781608692
2025-10-13 00:00:00-04:00,249.13848619669534,249.44818352992385,245.32217845998096,247.42015075683594,38142900,0.0,0.0,0.9744341420789837,251.43276138305663,1.619853727712113
2025-10-14 00:00:00-04:00,246.36117950382103,248.60900042906025,244.46301046499008,247.53004455566406,35478000,0.0,0.0,0.04441586446859436,251.9132957458496,1.6179371493579893
2025-10-15 00:00:00-04:00,249.24838988167792,251.5761352503302,247.2303418581919,249.09852600097656,33893600,0.0,0.0,0.6336529564029414,252.43029403686523,1.620454016266757
2025-10-16 00:00:00-04:00,248.00958596667436,248.79881419551728,244.8926123625184,247.21035766601562,39777000,0.0,0.0,-0.7580006053321764,252.90833053588867,1.628333675692254
2025-10-17 00:00:00-04:00,247.77980070207627,253.13461023404025,247.03052706557392,252.045654296875,49147000,0.0,0.0,1.9559441912186948,253.24750137329102,1.5284744783373387
2025-10-20 00:00:00-04:00,255.64218177653177,264.1239650925819,255.3824390623343,261.98602294921875,90483000,0.0,0.0,3.943876231500254,253.55520324707032,1.4773988579545683
2025-10-21 00:00:00-04:00,261.6263807259345,265.03308188579996,261.5764108568555,262.5155029296875,46695900,0.0,0.0,0.20210237725979407,253.9717987060547,1.4661530902539963
2025-10-22 00:00:00-04:00,262.3956210979312,262.5954395959732,255.18261234613632,258.19970703125,45015300,0.0,0.0,-1.6440156296572916,254.27850189208985,1.506064141889781
2025-10-23 00:00:00-04:00,259.68824995662277,260.36758405794774,257.76012648314656,259.3285827636719,32754900,0.0,0.0,0.4372103072468825,254.41387023925782,1.4561377297235836
2025-10-24 00:00:00-04:00,260.93706434715574,263.87421967110856,258.9290010880386,262.56549072265625,38253700,0.0,0.0,1.2481878875396424,254.78151473999023,1.4717843297385487
2025-10-27 00:00:00-04:00,264.6234656652487,268.8593494221352,264.3936774471076,268.5496520996094,44888200,0.0,0.0,2.279111912415832,255.49981765747071,1.5391617717165393
2025-10-28 00:00:00-04:00,268.7294713644567,269.6286240979669,267.8902885694659,268.7394714355469,41534800,0.0,0.0,0.07068314349076843,256.2176208496094,1.5392191436376432
2025-10-29 00:00:00-04:00,269.01920560410514,271.1471476128123,266.85129379808274,269.4388122558594,51086700,0.0,0.0,0.26023003490212027,256.92943115234374,1.5392052662814315
2025-10-30 00:00:00-04:00,271.72657092903916,273.87451306817263,268.2199910571769,271.13714599609375,69886500,0.0,0.0,0.6303226049785504,257.6422393798828,1.5388671138616308
2025-10-31 00:00:00-04:00,276.721738255342,277.05143573891627,268.89933466249033,270.108154296875,86167100,0.0,0.0,-0.37950967413132863,258.25914154052737,1.5458055222012157
2025-11-03 00:00:00-05:00,270.15812755648943,270.5877038096653,265.9921525413924,268.7894287109375,50194600,0.0,0.0,-0.48822131615030573,258.87654266357424,1.545111723668894
2025-11-04 00:00:00-05:00,268.0701070960229,271.22705027239556,267.36080327265466,269.7784729003906,49274800,0.0,0.0,0.36796245826942187,259.5538848876953,1.5433504316703486
2025-11-05 00:00:00-05:00,268.3498399683747,271.43687417180433,266.67147434431234,269.8783874511719,43683100,0.0,0.0,0.03703577594871277,260.1572998046875,1.5419323736384902
2025-11-06 00:00:00-05:00,267.6305743388968,273.1352174017799,267.6305743388968,269.50872802734375,51204000,0.0,0.0,-0.13697259247742455,260.9430381774902,1.4864638617105763
2025-11-07 00:00:00-05:00,269.5386899523433,272.02629915101613,266.51162568814635,268.2099914550781,48227400,0.0,0.0,-0.4818903572332056,262.1019142150879,1.2140815263023268
2025-11-10 00:00:00-05:00,268.9599914550781,273.7300109863281,267.4599914550781,269.42999267578125,41312400,0.26,0.0,0.45486792422775313,263.20240631103513,1.208034348389493
2025-11-11 00:00:00-05:00,269.80999755859375,275.9100036621094,269.79998779296875,275.25,46208300,0.0,0.0,2.1601185771556786,264.58840408325193,1.263498244918082
2025-11-12 00:00:00-05:00,275.0,275.7300109863281,271.70001220703125,273.4700012207031,48398000,0.0,0.0,-0.6466843884820661,265.8069778442383,1.2906277364396432
2025-11-13 00:00:00-05:00,274.1099853515625,276.70001220703125,272.0899963378906,272.95001220703125,49602800,0.0,0.0,-0.19014480979659965,267.0939605712891,1.2681105181191135
2025-11-14 00:00:00-05:00,271.04998779296875,275.9599914550781,269.6000061035156,272.4100036621094,47431300,0.0,0.0,-0.19784155368063328,268.11217803955077,1.2291744694416795
2025-11-17 00:00:00-05:00,268.82000732421875,270.489990234375,265.7300109863281,267.4599914550781,45018300,0.0,0.0,-1.8171183658773127,268.38587646484376,1.0094617000502877
2025-11-18 00:00:00-05:00,269.989990234375,270.7099914550781,265.32000732421875,267.44000244140625,45677300,0.0,0.0,-0.007473646268785217,268.63210144042966,1.0095241777513804
2025-11-19 00:00:00-05:00,265.5299987792969,272.2099914550781,265.5,268.55999755859375,40424500,0.0,0.0,0.4187836924032684,269.1501159667969,0.9239509916990942
2025-11-20 00:00:00-05:00,270.8299865722656,275.42999267578125,265.9200134277344,266.25,45823600,0.0,0.0,-0.8601420835542606,269.4961868286133,0.9516169110466985
2025-11-21 00:00:00-05:00,265.95001220703125,273.3299865722656,265.6700134277344,271.489990234375,59030800,0.0,0.0,1.9680714495305063,269.9424118041992,1.007849155467582
2025-11-24 00:00:00-05:00,270.8999938964844,277.0,270.8999938964844,275.9200134277344,65585800,0.0,0.0,1.6317445772254802,270.3109298706055,0.9450562455391837
2025-11-25 00:00:00-05:00,275.2699890136719,280.3800048828125,275.25,276.9700012207031,46914200,0.0,0.0,0.3805406428931457,270.72245635986326,0.9464042942466218
2025-11-26 00:00:00-05:00,276.9599914550781,279.5299987792969,276.6300048828125,277.54998779296875,33431400,0.0,0.0,0.20940411225383038,271.1280151367188,0.9461755889470508
2025-11-28 00:00:00-05:00,277.260009765625,279.0,275.989990234375,278.8500061035156,20135600,0.0,0.0,0.4683906927485104,271.51365814208987,0.9425587863171344
2025-12-01 00:00:00-05:00,278.010009765625,283.4200134277344,276.1400146484375,283.1000061035156,46587700,0.0,0.0,1.5241168753721723,272.1632507324219,0.9821382629629287
2025-12-02 00:00:00-05:00,283.0,287.3999938964844,282.6300048828125,286.19000244140625,53669500,0.0,0.0,1.0914857899228636,273.0332794189453,0.9840337267259501
2025-12-03 00:00:00-05:00,286.20001220703125,288.6199951171875,283.29998779296875,284.1499938964844,43538700,0.0,0.0,-0.712816145749029,273.75185546875,1.0105065773897073
2025-12-04 00:00:00-05:00,284.1000061035156,284.7300109863281,278.5899963378906,280.70001220703125,43989100,0.0,0.0,-1.214141039436356,274.29293670654295,1.0627211701700554
2025-12-05 00:00:00-05:00,280.5400085449219,281.1400146484375,278.04998779296875,278.7799987792969,47265800,0.0,0.0,-0.684009028940924,274.7565002441406,1.078825441850268
2025-12-08 00:00:00-05:00,278.1300048828125,279.6700134277344,276.1499938964844,277.8900146484375,38211800,0.0,0.0,-0.319242461710445,275.2405014038086,1.0742181329500735
2025-12-09 00:00:00-05:00,278.1600036621094,280.0299987792969,276.9200134277344,277.17999267578125,32193300,0.0,0.0,-0.2555046727945598,275.6280014038086,1.0764938617716573
2025-12-10 00:00:00-05:00,277.75,279.75,276.44000244140625,278.7799987792969,33038300,0.0,0.0,0.577244442526248,275.80450134277345,0.9740399917979264
2025-12-11 00:00:00-05:00,279.1000061035156,279.5899963378906,273.80999755859375,278.0299987792969,33248000,0.0,0.0,-0.2690293433115887,276.0325012207031,0.9630497582922221
2025-12-12 00:00:00-05:00,277.8999938964844,279.2200012207031,276.82000732421875,278.2799987792969,39532900,0.0,0.0,0.08991835452922814,276.2990005493164,0.9608396671735407
2025-12-15 00:00:00-05:00,280.1499938964844,280.1499938964844,272.8399963378906,274.1099853515625,50409100,0.0,0.0,-1.4984955605960026,276.3839996337891,1.0240746539244134
2025-12-16 00:00:00-05:00,272.82000732421875,275.5,271.7900085449219,274.6099853515625,37648600,0.0,0.0,0.18240853187405648,276.74149932861326,0.9265949508093444
2025-12-17 00:00:00-05:00,275.010009765625,276.1600036621094,271.6400146484375,271.8399963378906,50138700,0.0,0.0,-1.0086993049891024,276.9614990234375,0.9611599542893545
2025-12-18 00:00:00-05:00,273.6099853515625,273.6300048828125,266.95001220703125,272.19000244140625,51630700,0.0,0.0,0.1287544541755281,277.14299926757815,0.9580577573651627
2025-12-19 00:00:00-05:00,272.1499938964844,274.6000061035156,269.8999938964844,273.6700134277344,144632000,0.0,0.0,0.5437418615868328,277.51399993896484,0.9374132807704892
2025-12-22 00:00:00-05:00,272.8599853515625,273.8800048828125,270.510009765625,270.9700012207031,36571800,0.0,0.0,-0.9865941003960987,277.4880004882813,0.8644136373728915
2025-12-23 00:00:00-05:00,270.8399963378906,272.5,269.55999755859375,272.3599853515625,29642000,0.0,0.0,0.5129660569795913,277.3099990844727,0.7854417322194965
2025-12-24 00:00:00-05:00,272.3399963378906,275.42999267578125,272.20001220703125,273.80999755859375,17910600,0.0,0.0,0.5323881205087977,277.15199890136716,0.7906609836486915
2025-12-26 00:00:00-05:00,274.1600036621094,275.3699951171875,272.8599853515625,273.3999938964844,21521800,0.0,0.0,-0.14974020881820538,276.94449920654296,0.7884297944269127
2025-12-29 00:00:00-05:00,272.69000244140625,274.3599853515625,272.3500061035156,273.760009765625,23715200,0.0,0.0,0.13168100847762432,276.68999938964845,0.779823650260854
2025-12-30 00:00:00-05:00,272.80999755859375,274.0799865722656,272.2799987792969,273.0799865722656,22139600,0.0,0.0,-0.24840121606569676,276.1889984130859,0.6813266128351755
2025-12-31 00:00:00-05:00,273.05999755859375,273.67999267578125,271.75,271.8599853515625,27293600,0.0,0.0,-0.44675599849579584,275.4724975585938,0.6139964702497441
2026-01-02 00:00:00-05:00,272.260009765625,277.8399963378906,269.0,271.010009765625,37838100,0.0,0.0,-0.31265196488491354,274.8154983520508,0.6047329187832359
2026-01-05 00:00:00-05:00,270.6400146484375,271.510009765625,266.1400146484375,267.260009765625,45647200,0.0,0.0,-1.3837127282653072,274.1434982299805,0.6201791414370352
2026-01-06 00:00:00-05:00,267.0,267.54998779296875,262.1199951171875,262.3599853515625,52352100,0.0,0.0,-1.8334297070330852,273.32249755859374,0.7099411135960949
2026-01-07 00:00:00-05:00,263.20001220703125,263.67999267578125,259.80999755859375,260.3299865722656,48309800,0.0,0.0,-0.7737455757884204,272.44449615478516,0.7177981457086868
2026-01-08 00:00:00-05:00,257.0199890136719,259.2900085449219,255.6999969482422,259.0400085449219,50419300,0.0,0.0,-0.4955164959399183,271.53749694824216,0.7186094624091623
2026-01-09 00:00:00-05:00,259.0799865722656,260.2099914550781,256.2200012207031,259.3699951171875,39997000,0.0,0.0,0.127388264893602,270.5669967651367,0.6951993683698666
2026-01-12 00:00:00-05:00,259.1600036621094,261.29998779296875,256.79998779296875,260.25,45263800,0.0,0.0,0.33928553779511983,269.67799682617186,0.7123858927358606
2026-01-13 00:00:00-05:00,258.7200012207031,261.80999755859375,258.3900146484375,261.04998779296875,45730800,0.0,0.0,0.3073920434077726,268.81649627685545,0.7207031457355177
2026-01-14 00:00:00-05:00,259.489990234375,261.82000732421875,256.7099914550781,259.9599914550781,40019400,0.0,0.0,-0.4175431483854575,268.10899658203124,0.6658476405195799
2026-01-15 00:00:00-05:00,260.6499938964844,261.0400085449219,257.04998779296875,258.2099914550781,39358400,0.0,0.0,-0.6731805114335909,267.288996887207,0.6632358733637477
